{
	"name":null,	"owner":null,	"size":8168,
	"estRows":101,
	"column": [
		{"dataType": "Binary", "name": "X", "predict": 0,
		 "stats": { "min":0.000000, "max":1.000000, "mean":0.500000, "stddev":0.500000, "quartiles":[0.000000,1.000000,1.000000]
		"histogram":{"bins": [
0.000000,1.000000 		], "counts": [
50,50 }}},
		{"dataType": "Integer", "name": "age", "predict": 0,
		 "stats": { "min":0.000000, "max":99.000000, "mean":49.500000, "stddev":28.866070, "quartiles":[25.000000,50.000000,75.000000]
		"histogram":{"bins": [
3.093750,6.187500,9.281250,12.375000,15.468750,18.562500,21.656250,24.750000,27.843750,30.937500,34.031250,37.125000,40.218750,43.312500,46.406250,49.500000,52.593750,55.687500,58.781250,61.875000,64.968750,68.062500,71.156250,74.250000,77.343750,80.437500,83.531250,86.625000,89.718750,92.812500,95.906250,99.000000 		], "counts": [
4,3,3,3,3,3,3,3,3,3,4,3,3,3,3,3,3,3,3,3,3,4,3,3,3,3,3,3,3,3,3,4 }}},
		{"dataType": "Integer", "name": "count", "predict": 0,
		 "stats": { "min":33531.000000, "max":3981826.000000, "mean":198675.660000, "stddev":414140.603686, "quartiles":[56867.000000,105088.000000,205594.000000]
		"histogram":{"bins": [
156915.218750,280299.437500,403683.656250,527067.875000,650452.093750,773836.312500,897220.531250,1020604.750000,1143988.968750,1267373.187500,1390757.406250,1514141.625000,1637525.843750,1760910.062500,1884294.281250,2007678.500000,2131062.718750,2254446.937500,2377831.156250,2501215.375000,2624599.593750,2747983.812500,2871368.031250,2994752.250000,3118136.468750,3241520.687500,3364904.906250,3488289.125000,3611673.343750,3735057.562500,3858441.781250,3981826.000000 		], "counts": [
68,16,8,3,2,1,1,1,0,0,0,0,0,0,0,0,0,0,0,0,0,0,0,0,0,0,0,0,0,0,0,0 }}},
		{"dataType": "Integer", "name": "returns", "predict": 0,
		 "stats": { "min":27422.000000, "max":2691060.000000, "mean":161224.570000, "stddev":289089.865052, "quartiles":[47224.000000,89345.000000,174663.000000]
		"histogram":{"bins": [
110660.687500,193899.375000,277138.062500,360376.750000,443615.437500,526854.125000,610092.812500,693331.500000,776570.187500,859808.875000,943047.562500,1026286.250000,1109524.937500,1192763.625000,1276002.312500,1359241.000000,1442479.687500,1525718.375000,1608957.062500,1692195.750000,1775434.437500,1858673.125000,1941911.812500,2025150.500000,2108389.187500,2191627.875000,2274866.562500,2358105.250000,2441343.937500,2524582.625000,2607821.312500,2691060.000000 		], "counts": [
61,17,10,4,3,2,1,1,1,0,0,0,0,0,0,0,0,0,0,0,0,0,0,0,0,0,0,0,0,0,0,0 }}},
		{"dataType": "Integer", "name": "sum_next_use_age", "predict": 0,
		 "stats": { "min":2865489.000000, "max":20307788.000000, "mean":4594014.610000, "stddev":1742522.601981, "quartiles":[3870157.000000,4596104.000000,5085068.000000]
		"histogram":{"bins": [
3410560.843750,3955632.687500,4500704.531250,5045776.375000,5590848.218750,6135920.062500,6680991.906250,7226063.750000,7771135.593750,8316207.437500,8861279.281250,9406351.125000,9951422.968750,10496494.812500,11041566.656250,11586638.500000,12131710.343750,12676782.187500,13221854.031250,13766925.875000,14311997.718750,14857069.562500,15402141.406250,15947213.250000,16492285.093750,17037356.937500,17582428.781250,18127500.625000,18672572.468750,19217644.312500,19762716.156250,20307788.000000 		], "counts": [
13,14,19,25,26,2,1,0,0,0,0,0,0,0,0,0,0,0,0,0,0,0,0,0,0,0,0,0,0,0,0,0 }}},
		{"dataType": "Numeric", "name": "pr", "predict": 1,
		 "stats": { "min":0.675836, "max":0.857783, "mean":0.840259, "stddev":0.020187, "quartiles":[0.832479,0.846195,0.850422]
		"histogram":{"bins": [
0.681522,0.687207,0.692893,0.698579,0.704265,0.709951,0.715637,0.721322,0.727008,0.732694,0.738380,0.744066,0.749752,0.755438,0.761123,0.766809,0.772495,0.778181,0.783867,0.789553,0.795239,0.800924,0.806610,0.812296,0.817982,0.823668,0.829354,0.835040,0.840725,0.846411,0.852097,0.857783 		], "counts": [
1,1,1,1,1,1,1,1,1,1,1,1,1,1,1,1,1,1,1,1,1,1,1,1,1,1,1,1,12,11,32,17 }}},
		{"dataType": "Numeric", "name": "days_till_next_use", "predict": 1,
		 "stats": { "min":5.034760, "max":7.546390, "mean":6.260609, "stddev":0.490471, "quartiles":[5.936631,6.386845,6.607014]
		"histogram":{"bins": [
5.113248,5.191737,5.270225,5.348713,5.427202,5.505690,5.584179,5.662667,5.741156,5.819644,5.898133,5.976621,6.055109,6.133598,6.212086,6.290575,6.369063,6.447552,6.526040,6.604529,6.683017,6.761505,6.839994,6.918482,6.996971,7.075459,7.153948,7.232436,7.310925,7.389413,7.467901,7.546390 		], "counts": [
3,1,1,1,1,3,3,3,3,1,2,5,1,1,9,5,4,12,9,6,10,6,3,3,3,1,0,0,0,0,0,0 }}},
		{"dataType": "Date", "name": "date", "predict": 0,
		 "stats": { "min":900306000.000000, "max":1313038800.000000, "mean":1007445456.000000, "stddev":76143264.546050, "quartiles":[945925200.000000,998974800.000000,1056949200.000000]
		"histogram":{"bins": [
913203900.000000,926101800.000000,938999700.000000,951897600.000000,964795500.000000,977693400.000000,990591300.000000,1003489200.000000,1016387100.000000,1029285000.000000,1042182900.000000,1055080800.000000,1067978700.000000,1080876600.000000,1093774500.000000,1106672400.000000,1119570300.000000,1132468200.000000,1145366100.000000,1158264000.000000,1171161900.000000,1184059800.000000,1196957700.000000,1209855600.000000,1222753500.000000,1235651400.000000,1248549300.000000,1261447200.000000,1274345100.000000,1287243000.000000,1300140900.000000,1313038800.000000 		], "counts": [
7,7,7,7,7,7,6,6,5,5,6,5,3,5,3,4,2,3,1,1,1,1,1,0,0,0,0,0,0,0,0,0 }}},
		{"dataType": "Factor", "name": "month", "predict": 0,
		 "stats": { "min":0.000000, "max":11.000000, "mean":5.400000, "stddev":3.563706, "quartiles":[2.000000,5.000000,8.000000]
		"histogram":{"bins": [
0.000000,1.000000,2.000000,3.000000,4.000000,5.000000,6.000000,7.000000,8.000000,9.000000,10.000000,11.000000 		], "counts": [
14,5,7,8,7,10,7,8,10,7,9,8 }}} 
	]
}
